<?xml version="1.0" encoding="UTF-8"?>
<!DOCTYPE suite SYSTEM "https://testng.org/testng-1.0.dtd">
<suite name="Suite">
  <test thread-count="5" name="Test">
    <classes>
      <class name="week8.day1.Assignments.Tc1ForExtentreportUsingPOM"/>
      <class name="week8.day1.Assignments.Tc2ForExtentreportUsingPOM"/>
      <class name="week8.day1.Assignments.Tc3ForExtentreportUsingPOM"/>
      <class name="week8.day1.Assignments.Tc4ForExtentreportUsingPOM"/>
      <class name="week8.day1.Assignments.Tc5ForExtentreportUsingPOM"/>
    </classes>
  </test> <!-- Test -->
</suite> <!-- Suite -->
